{"cameraMode":{"drawMode":0,"name":"Shaded","section":"Shading Mode"},"sceneLighting":true,"audioPlay":false,"sceneViewState":{"m_AlwaysRefresh":false,"showFog":true,"showSkybox":true,"showFlares":true,"showImageEffects":true,"showParticleSystems":true,"showVisualEffectGraphs":true,"m_FxEnabled":false},"in2DMode":false,"pivot":{"x":-2.2265758514404299,"y":0.9379054307937622,"z":0.5869892239570618},"rotation":{"x":0.030108030885457994,"y":-0.655474841594696,"z":0.026163224130868913,"w":0.7541663646697998},"size":2.1065475940704347,"orthographic":true}