{"cameraMode":{"drawMode":0,"name":"Shaded","section":"Shading Mode"},"sceneLighting":true,"audioPlay":false,"sceneViewState":{"m_AlwaysRefresh":false,"showFog":true,"showSkybox":true,"showFlares":true,"showImageEffects":true,"showParticleSystems":true,"showVisualEffectGraphs":true,"m_FxEnabled":false},"in2DMode":false,"pivot":{"x":-2.079240322113037,"y":0.302024781703949,"z":0.42094260454177859},"rotation":{"x":0.023043906316161157,"y":-0.6658107042312622,"z":0.020575877279043199,"w":0.7454888820648193},"size":2.2910819053649904,"orthographic":true}